"Status","Tittel 1","Tittel 2","sidelenke","sortering","Pris","Pris tillegstekst","Short Description","Skildring","Teknisk","Teknisk, info","Image","Galleri","Standardutstyr","Tittel, motor","Motor, tittel 2","Motor, skildring","Motor, teknisk","Motor, teknisk, info","Publish Date","Unpublish Date","BÅTPAKKAR (Tittel 1)","ID","Created Date","Updated Date","Owner"
"PUBLISHED","Linder 440 Fishing","410 Fishing er en lett robåt med klinkbygd form ideell for innsjøer.","https://www.movesogn.no/linder440","3","<p class=""font_8"">kr 46.900,-</p>","Med Suzuki 5hk pris kr 58.900,-. Frakt tilkommer. ","440 Fishing er en lett, men solid robåt med tradisjonell klinkbygd form, perfekt for hele familien. Egnet for innsjøer, fjorder, øyer og kystfarvann, med mulighet for mindre påhengsmotorer eller elektrisk motor. ","<p class=""font_7""><strong>Produktskildring</strong></p>
<p class=""font_7"">440 Fishing er en lett, men solid robåt med tradisjonell klinkbygd form, perfekt for hele familien. Egnet for innsjøer, fjorder, øyer og kystfarvann, med mulighet for mindre påhengsmotorer eller elektrisk motor.</p>
<p class=""font_7""><br></p>
<p class=""font_7"">Med oppbevaringsplass i bakre og midtre seter, er den ideell for fisketurer og avslappende utflukter. Ny mørkblå dekorstripe for 2021-sesongen gir et friskt utseende. Med markedets laveste drivstofforbruk, er den også et miljøvennlig valg. Produsert i Sverige med korrosjonsbestandig aluminium av høy kvalitet, gir 440 Fishing pålitelighet og lang levetid. Standardutstyr inkluderer aluminiumsårer, badestige og klasse 3-godkjent låseøye foran og akter. Godkjent av Det Norske Veritas med ID-merking via Securmark.</p>","<p class=""font_7""><strong>Teknisk</strong></p>
<p class=""font_8""><br></p>
<p class=""font_8""><strong>Lengde</strong></p>
<p class=""font_8""><br></p>
<p class=""font_8""><strong>Vekt</strong></p>
<p class=""font_8""><br></p>
<p class=""font_8""><strong>Bredde</strong></p>
<p class=""font_8""><br></p>
<p class=""font_8""><strong>Godkjend for inntil HK (hk)</strong></p>
<p class=""font_8""><br></p>","<p class=""font_8"">431cm</p>
<p class=""font_8"">​</p>
<p class=""font_8"">94kg</p>
<p class=""font_8""><br></p>
<p class=""font_8"">164cm</p>
<p class=""font_8"">​</p>
<p class=""font_8"">5hk</p>","wix:image://v1/7646c4_e6c1c1fa651a431a95762c9d586e1d21~mv2.png/image-13011698-5b64-4d1b-ba92-bc3d20064699.jpeg#originWidth=1100&originHeight=600","[{""description"":"""",""fileName"":""image-13011698-5b64-4d1b-ba92-bc3d20064699.jpeg"",""slug"":""7646c4_e6c1c1fa651a431a95762c9d586e1d21~mv2.png"",""alt"":"""",""src"":""wix:image://v1/7646c4_e6c1c1fa651a431a95762c9d586e1d21~mv2.png/image-13011698-5b64-4d1b-ba92-bc3d20064699.jpeg#originWidth=1100&originHeight=600"",""title"":""image-13011698-5b64-4d1b-ba92-bc3d20064699.jpeg"",""type"":""image"",""settings"":{""width"":1100,""height"":600,""focalPoint"":[0.5,0.5]}},{""description"":"""",""fileName"":""440_Fishing_Linder_430-9cd70b5d-2010-4711-ae1a-3823d058e278.jpg"",""slug"":""7646c4_b28cfb266f43441f9f796241fa6c2c92~mv2.png"",""alt"":"""",""src"":""wix:image://v1/7646c4_b28cfb266f43441f9f796241fa6c2c92~mv2.png/440_Fishing_Linder_430-9cd70b5d-2010-4711-ae1a-3823d058e278.jpg#originWidth=1100&originHeight=600"",""title"":""440_Fishing_Linder_430-9cd70b5d-2010-4711-ae1a-3823d058e278.jpg"",""type"":""image"",""settings"":{""width"":1100,""height"":600,""focalPoint"":[0.5,0.5]}},{""description"":"""",""fileName"":""440_Fishing_Linder_1509-b3b795df-7116-4b1b-9fb2-962b389b216b.jpg"",""slug"":""7646c4_7248bff827fd4b7584aaad8388d492dd~mv2.png"",""alt"":"""",""src"":""wix:image://v1/7646c4_7248bff827fd4b7584aaad8388d492dd~mv2.png/440_Fishing_Linder_1509-b3b795df-7116-4b1b-9fb2-962b389b216b.jpg#originWidth=1100&originHeight=600"",""title"":""440_Fishing_Linder_1509-b3b795df-7116-4b1b-9fb2-962b389b216b.jpg"",""type"":""image"",""settings"":{""width"":1100,""height"":600,""focalPoint"":[0.5,0.5]}},{""description"":"""",""fileName"":""440_Fishing_Linder_Suzuki_0634-c66a2e10-09cc-4bc7-bb0b-9203e.jpg"",""slug"":""7646c4_819ea75d93104355bb6f7b92a5f72c63~mv2.png"",""alt"":"""",""src"":""wix:image://v1/7646c4_819ea75d93104355bb6f7b92a5f72c63~mv2.png/440_Fishing_Linder_Suzuki_0634-c66a2e10-09cc-4bc7-bb0b-9203e.jpg#originWidth=1100&originHeight=600"",""title"":""440_Fishing_Linder_Suzuki_0634-c66a2e10-09cc-4bc7-bb0b-9203e.jpg"",""type"":""image"",""settings"":{""width"":1100,""height"":600,""focalPoint"":[0.5,0.5]}},{""description"":"""",""fileName"":""440_Fishing_Linder_7485-2e5cfacb-0008-4a82-9841-1c4bde1676ce.jpg"",""slug"":""7646c4_c592c3acc8d54d6b978c37dd4899784c~mv2.png"",""alt"":"""",""src"":""wix:image://v1/7646c4_c592c3acc8d54d6b978c37dd4899784c~mv2.png/440_Fishing_Linder_7485-2e5cfacb-0008-4a82-9841-1c4bde1676ce.jpg#originWidth=1100&originHeight=600"",""title"":""440_Fishing_Linder_7485-2e5cfacb-0008-4a82-9841-1c4bde1676ce.jpg"",""type"":""image"",""settings"":{""width"":1100,""height"":600,""focalPoint"":[0.5,0.5]}},{""description"":"""",""fileName"":""440_Fishing_Linder_7388-29724e6c-6701-450a-9ac0-14ffe67e0efa.jpg"",""slug"":""7646c4_5025b94203cb45f7bb153963aa253b17~mv2.png"",""alt"":"""",""src"":""wix:image://v1/7646c4_5025b94203cb45f7bb153963aa253b17~mv2.png/440_Fishing_Linder_7388-29724e6c-6701-450a-9ac0-14ffe67e0efa.jpg#originWidth=1100&originHeight=600"",""title"":""440_Fishing_Linder_7388-29724e6c-6701-450a-9ac0-14ffe67e0efa.jpg"",""type"":""image"",""settings"":{""width"":1100,""height"":600,""focalPoint"":[0.5,0.5]}},{""description"":"""",""fileName"":""440_Fishing_Linder_1220-d78125b3-dd77-4a12-b878-bf70ab8d6df2.jpg"",""slug"":""7646c4_3dd33c1530984b1fa61554d25c5067a9~mv2.png"",""alt"":"""",""src"":""wix:image://v1/7646c4_3dd33c1530984b1fa61554d25c5067a9~mv2.png/440_Fishing_Linder_1220-d78125b3-dd77-4a12-b878-bf70ab8d6df2.jpg#originWidth=1100&originHeight=600"",""title"":""440_Fishing_Linder_1220-d78125b3-dd77-4a12-b878-bf70ab8d6df2.jpg"",""type"":""image"",""settings"":{""width"":1100,""height"":600,""focalPoint"":[0.5,0.5]}},{""description"":"""",""fileName"":""440_Fishing_Linder_1082_SE-396b776d-dffd-40f2-b40d-b79ce4d0d.jpg"",""slug"":""7646c4_e4acbf0da202465f86ddc851138cf0d7~mv2.png"",""alt"":"""",""src"":""wix:image://v1/7646c4_e4acbf0da202465f86ddc851138cf0d7~mv2.png/440_Fishing_Linder_1082_SE-396b776d-dffd-40f2-b40d-b79ce4d0d.jpg#originWidth=1100&originHeight=600"",""title"":""440_Fishing_Linder_1082_SE-396b776d-dffd-40f2-b40d-b79ce4d0d.jpg"",""type"":""image"",""settings"":{""width"":1100,""height"":600,""focalPoint"":[0.5,0.5]}},{""description"":"""",""fileName"":""440_Fishing_Linder_1110-9887a94e-5922-4b66-b0a7-b8d6a415a5fd.jpg"",""slug"":""7646c4_d3c64815256d4fb7a23015c39443cab9~mv2.png"",""alt"":"""",""src"":""wix:image://v1/7646c4_d3c64815256d4fb7a23015c39443cab9~mv2.png/440_Fishing_Linder_1110-9887a94e-5922-4b66-b0a7-b8d6a415a5fd.jpg#originWidth=1100&originHeight=600"",""title"":""440_Fishing_Linder_1110-9887a94e-5922-4b66-b0a7-b8d6a415a5fd.jpg"",""type"":""image"",""settings"":{""width"":1100,""height"":600,""focalPoint"":[0.5,0.5]}},{""description"":"""",""fileName"":""440_Fishing_Linder_1110-5a5e68d1-0cb4-4da6-be5c-b1c7b9295d7d.jpg"",""slug"":""7646c4_22fa39102b40497b9722fb5c8cf21989~mv2.png"",""alt"":"""",""src"":""wix:image://v1/7646c4_22fa39102b40497b9722fb5c8cf21989~mv2.png/440_Fishing_Linder_1110-5a5e68d1-0cb4-4da6-be5c-b1c7b9295d7d.jpg#originWidth=1100&originHeight=600"",""title"":""440_Fishing_Linder_1110-5a5e68d1-0cb4-4da6-be5c-b1c7b9295d7d.jpg"",""type"":""image"",""settings"":{""width"":1100,""height"":600,""focalPoint"":[0.5,0.5]}}]",,,,,,,2025-05-13T11:08:53Z,,"/batpakkar-/linder-440-fishing","19d92fc0-6aca-492f-be48-4603e4609c00",2022-06-17T14:06:45Z,2026-02-26T07:26:55Z,"7646c457-f879-454c-a0d3-d8589ed68356"
"PUBLISHED","Hasle Summer-Fun","Summer-Fun - sporty og tøff ungdomsbåt!","https://www.movesogn.no/summer-fun","1","<p class=""font_8""><strong>Kampanje! kr 71.900,-*</strong></p>","* Veil kr 74.900,- Pris kun båt kr 40.900,-","Hasle Summer Fun er ein rotasjonsstøpt ungdomsbåt i polyetylen. Båten har ein moderne og spennande design, med avrunda linjer. Under fremre sete er det mulegheit for å lagre diverse utstyr som man gjerne har med på tur. Me har mange fargar på lager, og Summer Fun leveres i følgjande fargar: Sort – gul – rød – blå – rosa – lime.

Gaupen-båthenger som passar godt til Summerfun for kr 15.990,-.","<p class=""font_8"">Båten er regnlensende slik at du slepp å tenke på lensing etter kraftige regnskyll.</p>
<h2 class=""font_2""><strong>Produktskildring</strong></h2>
<p class=""font_8""><br></p>
<p class=""font_8"">Båten er CE-sertifisert og tilfredsstiller såleis alle tekniske krav til stabilitet, styrke og køyreeigenskapar. Båten er selvlensende slik at du slepp å tenke på lensing etter kraftige regnskyll. Med sine 27 års erfaring i båt bransjen og 22 års erfaring innan rotasjonsstøping har Hasle A/S klart å kombinere det beste frå design og val av tekniske løysingar med konstruksjons-materialet polyetylen og rotasjonsstøpeteknologi.</p>
<p class=""font_8""><br></p>
<p class=""font_8"">Komplett båtpakke med Gaupen henger kr 79.900,- klar til levering.</p>
<p class=""font_8""><br></p>
<p class=""font_7""><strong>Trygging</strong></p>
<p class=""font_8""><br></p>
<p class=""font_8"">Båtane blir produsert i moderne industrilokale med PLS-styrte maskiner. Gjennom kvalitetssikringssystemet vårt er kunden sikra topp kvalitet.</p>
<p class=""font_8"">Produktskildring</p>
<p class=""font_8"">Hasle 365 Summar Fun er konstruert for å vere ein planande båt. Med ein 15 hk motor får ein lett fart på over 20 knop. Ut frå storleiken og skrogutforminga til båten anbefaler produsent motorstorleik frå 10 til 15 hk. Båten får då det nødvendige «trøkk» som framkallar smilet med 15 hk motor på montert</p>
<p class=""font_8""><br></p>
<p class=""font_7""><strong>Design</strong></p>
<p class=""font_8""><br></p>
<p class=""font_8"">Her får ein eit moderne og spennande design, med avrunda linjer. Under fremre sete er det moglegheit for å lagre diverse utstyr som ein gjerne har med på tur.</p>
<p class=""font_8""><br></p>
<p class=""font_7""><strong>Køyre/sittekomfort</strong></p>
<p class=""font_8""><br></p>
<p class=""font_8"">Summer Fun er CE-sertifisert og tilfredsstiller således alle tekniske krav til stabilitet, styrke og kjøreegenskaper.</p>
<p class=""font_8""><br></p>
<p class=""font_8"">Båten har en moderne og spennende design, med avrundede linjer. Under fremre sete er det mulighet for å lagre diverse utstyr som man gjerne har med på tur.</p>
<p class=""font_8""><br></p>
<p class=""font_7""><strong>Utstyr</strong></p>
<p class=""font_8""><br></p>
<p class=""font_8"">Styrekonsoll/Ratt,&nbsp;Styrekabel (lengde: 8 fot),&nbsp;Dobbelt sete,&nbsp;Stuverom forut,</p>
<p class=""font_8"">Stammelengde motor: Kort stamme</p>
<p class=""font_8"">Ekstra utstyr som er avhengig av motortype: * Gass-/girkontroll med kabler (kabellengde gir/gass 6 fot) og batteri.</p>","<p class=""font_7""><strong>Teknisk</strong></p>
<p class=""font_8""><br></p>
<p class=""font_8""><strong>Lengde: </strong>365 cm</p>
<p class=""font_8""><strong>Bredde: </strong>157 cm</p>
<p class=""font_8""><strong>Vekt: </strong>140 Kg</p>
<p class=""font_8""><strong>Ant. sitteplasser: </strong>4</p>
<p class=""font_8""><strong>Motor str: </strong>10 - 15 HK</p>
<p class=""font_8""><strong>Kategori CE: </strong>D</p>","<p class=""font_8"">365 cm</p>
<p class=""font_8""><br></p>
<p class=""font_8"">157 cm</p>
<p class=""font_8""><br></p>
<p class=""font_8"">140 Kg</p>
<p class=""font_8""><br></p>
<p class=""font_8"">4</p>
<p class=""font_8""><br></p>
<p class=""font_8"">10 - 15 HK</p>
<p class=""font_8""><br></p>
<p class=""font_8"">D</p>","wix:image://v1/7646c4_02852415ba4848da82948dc45ecb0963~mv2.png/HASLE%20SUMMERFUN.png#originWidth=1200&originHeight=1200","[{""slug"":""7646c4_6b845f86eb63412182ba121a8a28c617~mv2."",""alt"":"""",""src"":""wix:image://v1/7646c4_6b845f86eb63412182ba121a8a28c617~mv2.jpeg/summerfun2.jpeg#originWidth=707&originHeight=384"",""title"":"""",""type"":""image"",""settings"":{}},{""slug"":""7646c4_14bd59d137f8455e8a32d6e9d9518832~mv2."",""alt"":"""",""src"":""wix:image://v1/7646c4_14bd59d137f8455e8a32d6e9d9518832~mv2.jpeg/summerfun1.jpeg#originWidth=703&originHeight=340"",""title"":"""",""type"":""image"",""settings"":{}},{""slug"":""7646c4_5f46af09d5f34e31b4048797d353370d~mv2."",""alt"":"""",""src"":""wix:image://v1/7646c4_5f46af09d5f34e31b4048797d353370d~mv2.jpeg/summerfun4.jpeg#originWidth=1920&originHeight=1280"",""title"":"""",""type"":""image"",""settings"":{}},{""slug"":""7646c4_cca96492078c4724a14ddf107c3b6de6~mv2."",""alt"":"""",""src"":""wix:image://v1/7646c4_cca96492078c4724a14ddf107c3b6de6~mv2.jpeg/summerfun5.jpeg#originWidth=1920&originHeight=1280"",""title"":"""",""type"":""image"",""settings"":{}},{""slug"":""7646c4_c534e3abeab9468fad3dc6c3423e0389~mv2."",""alt"":"""",""src"":""wix:image://v1/7646c4_c534e3abeab9468fad3dc6c3423e0389~mv2.jpeg/summerfun3.jpeg#originWidth=1920&originHeight=1280"",""title"":"""",""type"":""image"",""settings"":{}},{""slug"":""7646c4_04cde48c533346f8931bfe74df4a04e9~mv2."",""alt"":"""",""src"":""wix:image://v1/7646c4_04cde48c533346f8931bfe74df4a04e9~mv2.jpeg/summerfun15.jpeg#originWidth=1920&originHeight=1280"",""title"":"""",""type"":""image"",""settings"":{}},{""slug"":""7646c4_acdbb64873bf43d2bea3c947b90f0434~mv2."",""alt"":"""",""src"":""wix:image://v1/7646c4_acdbb64873bf43d2bea3c947b90f0434~mv2.jpeg/summerfun14.jpeg#originWidth=1920&originHeight=1280"",""title"":"""",""type"":""image"",""settings"":{}},{""slug"":""7646c4_498468e1f87c4d449c42013e1c058ea0~mv2."",""alt"":"""",""src"":""wix:image://v1/7646c4_498468e1f87c4d449c42013e1c058ea0~mv2.jpeg/summerfun12.jpeg#originWidth=1920&originHeight=1280"",""title"":"""",""type"":""image"",""settings"":{}},{""slug"":""7646c4_0e5557e28c184d2e8a1ce53647d92e6b~mv2."",""alt"":"""",""src"":""wix:image://v1/7646c4_0e5557e28c184d2e8a1ce53647d92e6b~mv2.jpeg/summerfun13.jpeg#originWidth=1920&originHeight=1280"",""title"":"""",""type"":""image"",""settings"":{}},{""slug"":""7646c4_0ced8cb53b054a04a192e1cce9c0cb38~mv2."",""alt"":"""",""src"":""wix:image://v1/7646c4_0ced8cb53b054a04a192e1cce9c0cb38~mv2.jpeg/summerfun11.jpeg#originWidth=1920&originHeight=1280"",""title"":"""",""type"":""image"",""settings"":{}},{""slug"":""7646c4_f3f1d2a46f274efc8cb1618655e300a8~mv2."",""alt"":"""",""src"":""wix:image://v1/7646c4_f3f1d2a46f274efc8cb1618655e300a8~mv2.jpeg/summerfun10.jpeg#originWidth=1920&originHeight=1280"",""title"":"""",""type"":""image"",""settings"":{}},{""slug"":""7646c4_c065a055158d4a28829c05f019d37bcc~mv2."",""alt"":"""",""src"":""wix:image://v1/7646c4_c065a055158d4a28829c05f019d37bcc~mv2.jpeg/summerfun8.jpeg#originWidth=1920&originHeight=1280"",""title"":"""",""type"":""image"",""settings"":{}},{""slug"":""7646c4_b5bb9d62d36f46818a136b307afeb4f0~mv2."",""alt"":"""",""src"":""wix:image://v1/7646c4_b5bb9d62d36f46818a136b307afeb4f0~mv2.jpeg/summerfun9.jpeg#originWidth=1920&originHeight=1280"",""title"":"""",""type"":""image"",""settings"":{}},{""slug"":""7646c4_0389ac6b399b475f91dc0cc5b7d2aedb~mv2."",""alt"":"""",""src"":""wix:image://v1/7646c4_0389ac6b399b475f91dc0cc5b7d2aedb~mv2.jpeg/summerfun7.jpeg#originWidth=1920&originHeight=1280"",""title"":"""",""type"":""image"",""settings"":{}},{""slug"":""7646c4_4ecfbbbafd8e46518dc34379b664c2a8~mv2."",""alt"":"""",""src"":""wix:image://v1/7646c4_4ecfbbbafd8e46518dc34379b664c2a8~mv2.jpeg/summerfun6.jpeg#originWidth=1920&originHeight=1280"",""title"":"""",""type"":""image"",""settings"":{}}]","<p class=""font_7""><strong>Standardutstyr</strong></p>
<ul class=""font_8"">
  <li><p class=""font_8"">Selvdrenering</p></li>
  <li><p class=""font_8"">Styrekonsoll/Ratt</p></li>
  <li><p class=""font_8"">Styrekabel (lengde: 8 fot)</p></li>
  <li><p class=""font_8"">Dobbelt sete</p></li>
  <li><p class=""font_8"">Stuverom forut</p></li>
  <li><p class=""font_8"">Stammelengde motor: Kort stamme</p></li>
</ul>","Suzuki DF9,9BRL","Verdas første 9,9hk motor med EFI","<p class=""font_7""><strong>Produktskildring</strong></p>
<p class=""font_7""><br></p>
<p class=""font_8"">DF9,9B er verdas første 9,9 -hestar med EFI (Elektronisk&nbsp; bensininnsprøytning). Motoren har òg Lean Burn som dei større&nbsp; ""søskena sine"". Lean Burn forbrenningskontroll gir best mogleg drivstofføkonomi&nbsp; og låge utslepp. Vekt frå berre 44 kg! Blir levert i både manuell og el.&nbsp; start utgåve. Rå sprek og lett! Nettopp det du treng!</p>","<p class=""font_8"">Slagvolum (ccm)</p>
<p class=""font_8""><br></p>
<p class=""font_8"">Motortype</p>
<p class=""font_8""><br></p>
<p class=""font_8"">Sylindre</p>
<p class=""font_8""><br></p>
<p class=""font_8"">Effekt (HK/kW)</p>
<p class=""font_8""><br></p>
<p class=""font_8"">Anbefalt turtal</p>
<p class=""font_8""><br></p>
<p class=""font_8"">Stammelengde</p>
<p class=""font_8""><br></p>
<p class=""font_8"">Standard propell</p>
<p class=""font_8""><br></p>
<p class=""font_8"">Vekt (kg)</p>
<p class=""font_8""><br></p>
<p class=""font_8"">Boring x slag</p>
<p class=""font_8""><br></p>","<p class=""font_8"">327</p>
<p class=""font_8""><br></p>
<p class=""font_8"">4-takt OHC</p>
<p class=""font_8""><br></p>
<p class=""font_8"">R2</p>
<p class=""font_8""><br></p>
<p class=""font_8"">9,9 (7,3 kW)</p>
<p class=""font_8""><br></p>
<p class=""font_8"">4700 -5700 O/Min</p>
<p class=""font_8""><br></p>
<p class=""font_8"">S = 381 mm/15"" eller L = 508 mm</p>
<p class=""font_8""><br></p>
<p class=""font_8"">10""</p>
<p class=""font_8""><br></p>
<p class=""font_8"">44 kg (BS) - 48kg (BRL)</p>
<p class=""font_8""><br></p>
<p class=""font_8"">51 x 51</p>",,,"/batpakkar-/hasle-summer-fun","48ff845d-a04e-4772-beb7-94b49944c068",2022-06-17T13:56:29Z,2026-02-26T07:26:23Z,"7646c457-f879-454c-a0d3-d8589ed68356"
"DRAFT","Silver Shark BRX","Bow Rider - heilt i aluminium for aktive båtfolk","https://www.movesogn.no/shark-brx","4","<p class=""font_8"">kr 479.000,-</p>","Veil kr 519.000. 2023- pris inkludert norgespakke og frakt/levering","I tillegg til det solide og sjødyktige aluminiumsskroget er òg innerpanela, dørken, seteboksane, akterbenken og dessutan dei foldbare seta bak i båten laget av solid marinealuminium. Dei 30 mm tjukke aluminiumsrekkene sørger for trygd om bord. Shark BRX passar for den som ønsker ein brukarvennleg, solid og allsidig båt.","<p class=""font_7""><strong>Produktskildring</strong></p>
<p class=""font_7""><br></p>
<p class=""font_8"">Det mjukt gåande, vridningsstive Shark BR aluminiumskroget er grunnlaget for denne nye Shark BRX-modellen i aluminium. I tillegg til skroget er innsida, dørken, oppbevaringsskuffene, akterbenken og klaffbenkene i akterenden òg laga av marine aluminium. BRX-modellen er òg utstyrt med solide 30 mm tjukk aluminiumsrekke. Av ergonomiske årsaker er konsollane delvis laga av glasfiber.</p>
<p class=""font_8""><br></p>
<p class=""font_8"">Dørken forut er designa for å fungere godt for stongfiske. Dermed kan heile baugen blir brukt som eit kastedekk for fiske. Ein kastestol for stongfiske (tilbehøyr) kan òg monterast på aluminiumsplata. Dei to sittebenkenkene har rikeleg med oppbevaringsplass inni, og eit putesett til benkene kan kjøpast som tilbehøyr. Bak konsollane, er det to frittståande, fullpolstrede båt seter, det er òg ein permanent montert akterbenk av aluminium. Eit sammenleggbart foldesete i aluminium er monterte på kvar side av akterbenken, og saman med akterbenken og badeplattformene dannar desse ein brei, jamn overflate i akterenden. Klaffseta er enkle å brette saman når fiskefangsten er trekt opp og lett å brette saman under sjølve fisket, eller viss det er behov for fleire sitteplassar.</p>
<p class=""font_8""><br></p>
<p class=""font_8""><strong>Omfattande standardutstyr</strong></p>
<p class=""font_8"">Både skipper og passasjer sit i komfortable, fullt polstra båt sete. Vindauga til kontrollpanela er laga av ekte glas, som gjer muleg installasjon av vindaugsviskar. Den todelte døra mellom kontrollkonsollane er sjølvsagt inkluderte i pakkeprisen, og dessutan to sammenleggbare benker akter.</p>","<p class=""font_7""><strong>Teknisk</strong></p>
<p class=""font_7""><br></p>
<p class=""font_8""><strong>Lengde</strong>: 585 cm</p>
<p class=""font_8""><strong>Vekt</strong>: 780kg</p>
<p class=""font_8""><strong>Motor</strong>: 80-140hk</p>
<p class=""font_8""><strong>Godkjenning</strong>: C</p>
<p class=""font_8""><strong>Skrog</strong>: EN-AW 5754/5083</p>
<p class=""font_8""><strong>Rekkverk</strong>: Aluminium</p>
<p class=""font_8""><strong>Sjølvlensande</strong>: ✓</p>
<p class=""font_8""><strong>Rekkverk</strong>: HST</p>
<p class=""font_8""><strong>Dekk</strong>: EN-AW 5754/5083</p>
<p class=""font_8""><strong>Bredde</strong>: 224cm</p>
<p class=""font_8""><strong>Antall passasjerer</strong>: 7</p>
<p class=""font_8""><strong>Tverrhøgd</strong>: 630mm</p>
<p class=""font_8""><strong>Botnvinkel</strong>: 17,5°</p>
<p class=""font_8""><strong>Tverrhøgde</strong>: 510mm</p>
<p class=""font_8""><strong>Styrekonsoll</strong>: Glassfiber</p>
<p class=""font_8""><strong>Usynkbar konstruksjon</strong>: ✓</p>
<p class=""font_8""><strong>Flotasjon</strong>: Polyurethane</p>","<p class=""font_8"">585 cm</p>
<p class=""font_8""><br></p>
<p class=""font_8"">780kg</p>
<p class=""font_8""><br></p>
<p class=""font_8"">80-140hk</p>
<p class=""font_8""><br></p>
<p class=""font_8"">C</p>
<p class=""font_8""><br></p>
<p class=""font_8"">EN-AW 5754/5083</p>
<p class=""font_8""><br></p>
<p class=""font_8"">Aluminium</p>
<p class=""font_8""><br></p>
<p class=""font_8"">✓</p>
<p class=""font_8""><br></p>
<p class=""font_8"">HST</p>
<p class=""font_8""><br></p>
<p class=""font_8"">EN-AW 5754/5083</p>
<p class=""font_8""><br></p>
<p class=""font_8"">224cm</p>
<p class=""font_8""><br></p>
<p class=""font_8"">7</p>
<p class=""font_8""><br></p>
<p class=""font_8"">630mm</p>
<p class=""font_8""><br></p>
<p class=""font_8"">17,5°</p>
<p class=""font_8""><br></p>
<p class=""font_8"">510mm</p>
<p class=""font_8""><br></p>
<p class=""font_8"">Glassfiber</p>
<p class=""font_8""><br></p>
<p class=""font_8"">✓</p>
<p class=""font_8""><br></p>
<p class=""font_8"">Polyurethane</p>","wix:image://v1/7646c4_df070519fc0d4f6ab5be3b6040abc8e3~mv2.png/SILVER%20HAWK%20BR.png#originWidth=1200&originHeight=1200",,"<p class=""font_7""><strong>Standardutstyr</strong></p>
<ul class=""font_8"">
  <li><p class=""font_8"">30 mm tykk siderekker, aluminium</p></li>
  <li><p class=""font_8"">Badeplattformer i aluminium</p></li>
  <li><p class=""font_8"">Badestige</p></li>
  <li><p class=""font_8"">Bokser for anker og fortøyningslinjer foran og bak</p></li>
  <li><p class=""font_8"">Brannslukningsapparat</p></li>
  <li><p class=""font_8"">Drivstoffilter</p></li>
  <li><p class=""font_8"">Drivstofftank 130 liter</p></li>
  <li><p class=""font_8"">Dør mellom konsollene, todelt</p></li>
  <li><p class=""font_8"">Dørk av aluminium</p></li>
  <li><p class=""font_8"">Elektrisk lensepumpe</p></li>
  <li><p class=""font_8"">El-uttak</p></li>
  <li><p class=""font_8"">Festepunkt til henger eller fortøyning foran og bak</p></li>
  <li><p class=""font_8"">Foldbare benker i akter, aluminium, 2 st.</p></li>
  <li><p class=""font_8"">Giverstativ + skinne for giverstativ (justerin ekkoloddgiver)</p></li>
  <li><p class=""font_8"">Hydraulisk styring</p></li>
  <li><p class=""font_8"">Konstruksjonen følger CE-normer og har selvlensing på åpne flater</p></li>
  <li><p class=""font_8"">Koppholder</p></li>
  <li><p class=""font_8"">Lighthouse-sjøkart (oppladbar, et valgfrit land)</p></li>
  <li><p class=""font_8"">Låsebøyler (Klasse 3)</p></li>
  <li><p class=""font_8"">Navigasjonslys</p></li>
  <li><p class=""font_8"">NMEA-nettverk</p></li>
  <li><p class=""font_8"">Offshore-komfortseter 2 stk</p></li>
  <li><p class=""font_8"">Oppbevaringsplass med deksel, BB-konsollen</p></li>
  <li><p class=""font_8"">Raymarine Axiom+ 9"" -plotterpakke + CPT-S-giver</p></li>
  <li><p class=""font_8"">Vannskibøyle, integrert i akterbenkens ryggstøtte</p></li>
</ul>","Suzuki DF140 BTGX","<p class=""font_8"">T = Powertrim/tilt og el.start med kontrollboks inkl. i pris&nbsp;</p>
<p class=""font_8"">G = Modellbetegnelse&nbsp;</p>
<p class=""font_8"">X = Ultra lang stamme (25"")</p>
<p class=""font_8""><br></p>
<p class=""font_8""><strong>Påhengsmotor med Suzuki Lean Burn forbrenningskontroll!</strong></p>","<p class=""font_7""><strong>Produktskildring</strong></p>
<p class=""font_7""><br></p>
<p class=""font_8"">Denne modellen har større sylindervolum og lågare vekt enn forgjengaren. Sprekare enn nokon gong!</p>
<p class=""font_8""><br></p>
<p class=""font_8"">Enten du dorgar etter middagstorsken, jaktar på elvelaksen eller set kursen mot storhavet, skal du vite at desse drivstofføkonomiske og effektive Suzuki firetakterne vil halde koken uansett kvar krevjande dagen skulle bli. Selvjusterende oljebadet registerkjede og luftkjølt høg effekt dynamo på 40 ampere. Dette sørger for at motoren går optimalt og gir deg silkeføre sjølv under røffe forhold.</p>
<p class=""font_8""><br></p>
<p class=""font_8"">Verdas første 140Hk 4-taktmotor med drive-by-wire. DF140BG gir forenkla rigging, silkemyk giring, umiddelbar gass / skiftrespons og god drivøkonomi.</p>
<p class=""font_8"">Enkelt vedlikehald</p>
<p class=""font_8"">- Oljefilter er designa for lett tilgang.</p>
<p class=""font_8"">- Oljeutslepp og breiare oljenivåhol (Ø15mm) gjer det enkelt å skifte olje.</p>
<p class=""font_8"">- Straumlinjeforma og sporty design</p>
<p class=""font_8""><br></p>
<p class=""font_8"">Forbedret girkasse</p>
<p class=""font_8"">- Det senkar giroljetemperaturen og bidrar til auka holdbarhet for tannhjul.</p>
<p class=""font_8""><br></p>
<p class=""font_8""><strong>Selvjusterende registerkjede</strong></p>
<p class=""font_8"">Alle modellar over DF40A har eit vedlikehaldsfri registerkjede. Eit enkelt og effektiv design med oljesmurt registerkjede som aldri treng å smørjast, og utstyrt med ein automatisk, hydraulisk kjedetrammar som sørger for at kjeda har optimal stramming til kvar tid.</p>
<p class=""font_8""><br></p>
<p class=""font_8""><strong>Tiltbegrensning</strong></p>
<p class=""font_8"">Motoren har eit tiltbegrensningssystem som vernar båten og utanbordsmotoren mot skadar ved tilting av motoren. Designen har både funksjonane til&nbsp; tiltbegrensing og til trim sender, og bruker ein trinnfri, kontinuerleg type tiltbegrenser som gjer muleg installasjon av påhengsmotoren på nesten kva type som helst båt.</p>
<p class=""font_8""><br></p>
<p class=""font_8""><strong>Lean Burn</strong></p>
<p class=""font_8"">Med Suzukis avanserte ""Lean Burn"" kontrollsystem får du det lågaste bensinforbruket&nbsp; i marknaden!</p>","<p class=""font_8""><strong>Slagvolum (ccm)</strong></p>
<p class=""font_8""><br></p>
<p class=""font_8""><strong>Motortype</strong></p>
<p class=""font_8""><br></p>
<p class=""font_8""><strong>Sylindre</strong></p>
<p class=""font_8"">​</p>
<p class=""font_8""><strong>Effekt (HK/kW)</strong></p>
<p class=""font_8""><br></p>
<p class=""font_8""><strong>Anbefalt turtal</strong></p>
<p class=""font_8""><br></p>
<p class=""font_8""><strong>Drivstoffsystem</strong></p>
<p class=""font_8""><br></p>
<p class=""font_8""><strong>Stammelengde</strong></p>
<p class=""font_8"">​</p>
<p class=""font_8""><strong>Standard propell</strong></p>
<p class=""font_8""><br></p>
<p class=""font_8""><strong>Vekt (kg)</strong></p>
<p class=""font_8"">​</p>
<p class=""font_8""><strong>Boring x slag</strong></p>
<p class=""font_8""><br></p>","<p class=""font_8"">2045</p>
<p class=""font_8"">​</p>
<p class=""font_8"">4-takt. Flerpunkts sekvensiell elektronisk innsprøyting</p>
<p class=""font_8""><br></p>
<p class=""font_8"">In-line 4</p>
<p class=""font_8"">​</p>
<p class=""font_8"">140&nbsp;(103 kW)</p>
<p class=""font_8"">​</p>
<p class=""font_8"">5700 - 6300 O/min</p>
<p class=""font_8""><br></p>
<p class=""font_8"">Innsprøyting</p>
<p class=""font_8"">​</p>
<p class=""font_8"">L = 511&nbsp;mm</p>
<p class=""font_8"">​</p>
<p class=""font_8"">21""</p>
<p class=""font_8"">​</p>
<p class=""font_8"">188 kg (L) - 193 kg (X)</p>
<p class=""font_8"">​</p>
<p class=""font_8"">86 x 88</p>",,2024-05-07T17:02:30Z,"/batpakkar-/silver-shark-brx","82d99391-e43b-4b14-bcc6-17f425678f98",2022-06-19T17:54:44Z,2025-05-13T11:00:15Z,"7646c457-f879-454c-a0d3-d8589ed68356"
"DRAFT","Silver Beaver BR","Den legendariske Beavern er tilbake","https://www.movesogn.no/beaver-br","5","<p class=""font_8""><strong>kr 275.000,-</strong></p>","Pris inkludert norgespakke og frakt/levering!","Denne 4,8 meter lange båten er Silvers minste båtmodell. Med storleiken sin, smidighet og omfattande utrusting er Beaver perfekt for nybegynnarar, men han passar òg sjølv for meir erfarne båteigarar.","<p class=""font_7""><strong>Produktskildring</strong></p>
<p class=""font_8""><br></p>
<p class=""font_8"">I 2020 henta Silver inn den fullstendig fornya Silver Beaver BR-modellen. Denne 4,8 meter lange båten er den minste båtmodellen til Silver-modellprogrammet. Med sin kompakte storleik, smidighet og omfattande utstyrsel er Beaver perfekt både for nybegynnarar og sjølv dei meir&nbsp; erfarne båtførar.</p>
<p class=""font_8""><br></p>
<p class=""font_8"">Silver Beaver har vore del av Silvers program sidan byrjinga på 1990-talet. Den første Beaver-modellen blir produsert mellom åra 1993 og 2002 under namnet Beaver 425. Deretter kom modellen Beaver 450, som vart produsert åra 2003 til 2013 – deretter var modellen nedlagt, berre for å gjenopplivast endå betre i 2020. Beaver-båtene har fram til 2019 selt i tusental, og av den fornya Beaver BR-modellen blir forventa mykje. Beaver BR er 30 cm større og har endå meir utstyr ombord enn forgjengarane.</p>
<p class=""font_8""><br></p>
<p class=""font_8"">Beaver BR representerer Silvers nye design. Vindskjermen garanterer ei god utsikt då denne er designa utan rammar, og ho gir skydd òg til dei på benken bak. I båten finst det òg plass til vesker og anna på veg til hytta di. Båtens konsolløsning er romslig og det opne romma i båten er selvlensende. Det finns godt om oppbevaringsplass både føre og bak.</p>
<p class=""font_8""><br></p>
<p class=""font_8"">Båten har som standardutstyr m.a. montert ein 9"" Raymarine Axiom+ kartplotter med CPT-S-giver (Axiom+ frå modellår 2021-), ei dør mellom konsollane og to Offshore-komfortstoler. Takka vere den låge vekta til båten kan ho fint transporterast på hengar utan brems.</p>","<p class=""font_7""><strong>Teknisk</strong></p>
<p class=""font_7""><br></p>
<p class=""font_8""><strong>Lengde</strong>: 480cm</p>
<p class=""font_8""><strong>Vekt</strong>: 440kg</p>
<p class=""font_8""><strong>Motor</strong>: 40-50hk</p>
<p class=""font_8""><strong>Godkjenning</strong>: C</p>
<p class=""font_8""><strong>Sjølvtømmande</strong>: ✓</p>
<p class=""font_8""><strong>Komfortseter</strong>: ✓</p>
<p class=""font_8""><strong>Flotasjon</strong>: Polyurethane</p>
<p class=""font_8""><strong>Vindu</strong>: Akryl</p>
<p class=""font_8""><strong>Bredde</strong>: 195cm</p>
<p class=""font_8""><strong>Antall passasjerer</strong>: 5</p>
<p class=""font_8""><strong>Maks fart 2 pers.</strong>: 29kn</p>
<p class=""font_8""><strong>Botnvinkel</strong>: 18,0°</p>
<p class=""font_8""><strong>Usynkbar konstruksjon</strong>: ✓</p>
<p class=""font_8""><strong>Rekkverk</strong>: HST</p>
<p class=""font_8""><strong>Dekk</strong>: GRP</p>
<p class=""font_8""><strong>Drivstofftank</strong>: Separat</p>","<p class=""font_8"">480cm</p>
<p class=""font_8""><br></p>
<p class=""font_8"">440kg</p>
<p class=""font_8""><br></p>
<p class=""font_8"">40-50hk</p>
<p class=""font_8""><br></p>
<p class=""font_8"">C</p>
<p class=""font_8""><br></p>
<p class=""font_8"">✓</p>
<p class=""font_8""><br></p>
<p class=""font_8"">✓</p>
<p class=""font_8""><br></p>
<p class=""font_8"">Polyurethane</p>
<p class=""font_8""><br></p>
<p class=""font_8"">Akryl</p>
<p class=""font_8""><br></p>
<p class=""font_8"">195cm</p>
<p class=""font_8""><br></p>
<p class=""font_8"">5</p>
<p class=""font_8""><br></p>
<p class=""font_8"">29kn</p>
<p class=""font_8""><br></p>
<p class=""font_8"">18,0°</p>
<p class=""font_8""><br></p>
<p class=""font_8"">✓</p>
<p class=""font_8""><br></p>
<p class=""font_8"">HST</p>
<p class=""font_8""><br></p>
<p class=""font_8"">GRP</p>
<p class=""font_8""><br></p>
<p class=""font_8"">Separat</p>","wix:image://v1/7646c4_28d44d0ef35f4c7794db67b21914f513~mv2.png/SILVER%20BEAVER.png#originWidth=1200&originHeight=1200","[{""description"":"""",""slug"":""7646c4_de42d1a0ca644f41ad374637c5c48414mv2"",""alt"":"""",""src"":""wix:image://v1/7646c4_de42d1a0ca644f41ad374637c5c48414~mv2.png/silver-beaver-003.png#originWidth=725&originHeight=544"",""title"":"""",""type"":""image"",""settings"":{}},{""description"":"""",""slug"":""7646c4_dfa4d69e13cc422d94d43f7eec98333cmv2."",""alt"":"""",""src"":""wix:image://v1/7646c4_dfa4d69e13cc422d94d43f7eec98333c~mv2.jpeg/silver-beaver-059.jpeg#originWidth=940&originHeight=705"",""title"":"""",""type"":""image"",""settings"":{}},{""description"":"""",""slug"":""7646c4_ec7aeae628524bc39199991523b9ce71mv2."",""alt"":"""",""src"":""wix:image://v1/7646c4_ec7aeae628524bc39199991523b9ce71~mv2.jpeg/silver-beaver-058.jpeg#originWidth=940&originHeight=705"",""title"":"""",""type"":""image"",""settings"":{}},{""description"":"""",""slug"":""7646c4_126c9fb134254c13b935f73f4cfed399mv2."",""alt"":"""",""src"":""wix:image://v1/7646c4_126c9fb134254c13b935f73f4cfed399~mv2.jpeg/silver-beaver-060.jpeg#originWidth=940&originHeight=705"",""title"":"""",""type"":""image"",""settings"":{}},{""description"":"""",""slug"":""7646c4_9f0076be92e048daab7c6688a0ce4fe0mv2."",""alt"":"""",""src"":""wix:image://v1/7646c4_9f0076be92e048daab7c6688a0ce4fe0~mv2.jpeg/silver-beaver-057.jpeg#originWidth=940&originHeight=705"",""title"":"""",""type"":""image"",""settings"":{}},{""description"":"""",""slug"":""7646c4_401f2567b5644ff58042bc54a59eac4fmv2."",""alt"":"""",""src"":""wix:image://v1/7646c4_401f2567b5644ff58042bc54a59eac4f~mv2.jpeg/silver-beaver-056.jpeg#originWidth=940&originHeight=705"",""title"":"""",""type"":""image"",""settings"":{}},{""description"":"""",""slug"":""7646c4_9b172465cbc04104a9ac74048c3ece46mv2."",""alt"":"""",""src"":""wix:image://v1/7646c4_9b172465cbc04104a9ac74048c3ece46~mv2.jpeg/silver-beaver-055.jpeg#originWidth=940&originHeight=705"",""title"":"""",""type"":""image"",""settings"":{}},{""description"":"""",""slug"":""7646c4_09cfe797adf44300a3a38e5fcb89a194mv2."",""alt"":"""",""src"":""wix:image://v1/7646c4_09cfe797adf44300a3a38e5fcb89a194~mv2.jpeg/silver-beaver-053.jpeg#originWidth=940&originHeight=705"",""title"":"""",""type"":""image"",""settings"":{}},{""description"":"""",""slug"":""7646c4_63816e43b7144976835d0c3f67144a07mv2."",""alt"":"""",""src"":""wix:image://v1/7646c4_63816e43b7144976835d0c3f67144a07~mv2.jpeg/silver-beaver-054.jpeg#originWidth=940&originHeight=705"",""title"":"""",""type"":""image"",""settings"":{}},{""description"":"""",""slug"":""7646c4_bc551f375285462e98540d2f3d59c357mv2."",""alt"":"""",""src"":""wix:image://v1/7646c4_bc551f375285462e98540d2f3d59c357~mv2.jpeg/silver-beaver-052.jpeg#originWidth=940&originHeight=705"",""title"":"""",""type"":""image"",""settings"":{}},{""description"":"""",""slug"":""7646c4_bc551f375285462e98540d2f3d59c357mv2."",""alt"":"""",""src"":""wix:image://v1/7646c4_bc551f375285462e98540d2f3d59c357~mv2.jpeg/silver-beaver-052.jpeg#originWidth=940&originHeight=705"",""title"":"""",""type"":""image"",""settings"":{}},{""description"":"""",""slug"":""7646c4_608f2a9018dd44a38aa1afe983132895mv2."",""alt"":"""",""src"":""wix:image://v1/7646c4_608f2a9018dd44a38aa1afe983132895~mv2.jpeg/silver-beaver-050.jpeg#originWidth=940&originHeight=705"",""title"":"""",""type"":""image"",""settings"":{}},{""description"":"""",""slug"":""7646c4_00e4d872bbc642beb932838758138aebmv2."",""alt"":"""",""src"":""wix:image://v1/7646c4_00e4d872bbc642beb932838758138aeb~mv2.jpeg/silver-beaver-051.jpeg#originWidth=940&originHeight=705"",""title"":"""",""type"":""image"",""settings"":{}},{""description"":"""",""slug"":""7646c4_bfc352adc8cf4195a13f8bc6815c46f6mv2."",""alt"":"""",""src"":""wix:image://v1/7646c4_bfc352adc8cf4195a13f8bc6815c46f6~mv2.jpeg/silver-beaver-049.jpeg#originWidth=940&originHeight=705"",""title"":"""",""type"":""image"",""settings"":{}}]","<p class=""font_7""><strong>Standardutstyr</strong></p>
<ul class=""font_8"">
  <li><p class=""font_8"">Badestige</p></li>
  <li><p class=""font_8"">Brannslukningsapparat</p></li>
  <li><p class=""font_8"">Dør mellom konsollene, todelt</p></li>
  <li><p class=""font_8"">Elektrisk lensepumpe</p></li>
  <li><p class=""font_8"">El-uttak</p></li>
  <li><p class=""font_8"">Festepunkt til henger/fortøyning foran</p></li>
  <li><p class=""font_8"">Festepunkt til henger/fortøyning bak</p></li>
  <li><p class=""font_8"">Giverstativ + skinne for giverstativ</p></li>
  <li><p class=""font_8"">Konstruksjonen følger CE-normer</p></li>
  <li><p class=""font_8"">Selvlensing på åpne flater</p></li>
  <li><p class=""font_8"">Koppholder</p></li>
  <li><p class=""font_8"">Lighthouse-sjøkart (valgfrit land)</p></li>
  <li><p class=""font_8"">Låsebøyler (Klasse 3)</p></li>
  <li><p class=""font_8"">Navigasjonslys</p></li>
  <li><p class=""font_8"">NFB styring</p></li>
  <li><p class=""font_8"">NMEA-nettverk</p></li>
  <li><p class=""font_8"">Offshore-komfortseter 2 stk</p></li>
  <li><p class=""font_8"">Oppbevaringsplass for småting</p></li>
  <li><p class=""font_8"">Plass for to drivstofftanker (25 l)</p></li>
  <li><p class=""font_8"">Raymarine Axiom+ 9"" -plotterpakke</p></li>
  <li><p class=""font_8"">CPT-S-giver</p></li>
</ul>","Suzuki DF50 ATL","<p class=""font_8""><em>A = Modellnemning</em></p>
<p class=""font_8""><em>T = Powertrim/tilt og el.start med kontrollboks</em></p>
<p class=""font_8""><em>L = Lang stamme (20"")</em></p>
<p class=""font_7""><br></p>
<p class=""font_7""><strong>Påhengsmotor med mange Suzuki finessar</strong></p>","<p class=""font_7""><strong>Produktskildring</strong></p>
<p class=""font_8""><br></p>
<p class=""font_8"">Suzukis New Generation 4-takter! Med Kompakt design, Lean Burn Control&nbsp; System, smidig gir skift, Suzuki Easy Start, og dessutan ny type trim og tilt.</p>
<p class=""font_8""><br></p>
<p class=""font_8"">Alle Suzukis påhengsmotorar frå DF40ATL til DF350ATX har selvjusterende&nbsp; kamakselskjede som går i oljebad, noko Suzuki er åleine om blant&nbsp; leverandørane av utanbordsmotorar. Kjeda er utstyrt med ein hydraulisk&nbsp; strammemekanisme som er vedlikehaldsfri. Suzuki påhengsmotorane har ein moderne design.</p>
<p class=""font_8""><br></p>
<p class=""font_8""><strong>Selvjusterende registerkjede</strong></p>
<p class=""font_8"">Alle modellar over DF40A har eit vedlikehaldsfri registerkjede. Eit enkelt og effektiv design med oljesmurt registerkjede som aldri treng å smørjast, og utstyrt med ein automatisk, hydraulisk kjedetrammar som sørger for at kjeda har optimal stramming til kvar tid.</p>
<p class=""font_8""><br></p>
<p class=""font_8""><strong>Tiltbegrensning</strong></p>
<p class=""font_8"">Motoren har eit tiltbegrensningssystem som vernar båten og utanbordsmotoren mot skadar ved tilting av motoren. Designen har både funksjonane til&nbsp; tiltbegrensing og til trim sender, og bruker ein trinnfri, kontinuerleg type tiltbegrenser som gjer muleg installasjon av påhengsmotoren på nesten kva type som helst båt.</p>
<p class=""font_8""><br></p>
<p class=""font_8""><strong>Lean Burn</strong></p>
<p class=""font_8"">Med Suzukis avanserte ""Lean Burn"" kontrollsystem får du det lågaste bensinforbruket&nbsp; i marknaden!</p>","<p class=""font_8""><strong>Motortype</strong></p>
<p class=""font_8"">​</p>
<p class=""font_8""><strong>Sylinderar</strong></p>
<p class=""font_8"">​</p>
<p class=""font_8""><strong>Boring og slaglengde</strong></p>
<p class=""font_8""><br></p>
<p class=""font_8""><strong>Nominell effekt</strong></p>
<p class=""font_8"">​</p>
<p class=""font_8""><strong>Modell</strong></p>
<p class=""font_8"">​</p>
<p class=""font_8""><strong>Forskyvning</strong></p>
<p class=""font_8"">​</p>
<p class=""font_8""><strong>OPM-område ved full gass</strong></p>
<p class=""font_8"">​</p>
<p class=""font_8""><strong>Drivstoffsystem</strong></p>
<p class=""font_8""><br></p>
<p class=""font_8""><strong>Girområde</strong></p>
<p class=""font_8"">​</p>
<p class=""font_8""><strong>Transmitter</strong></p>
<p class=""font_8"">​</p>
<p class=""font_8""><strong>Power trim</strong></p>
<p class=""font_8"">​</p>
<p class=""font_8""><strong>Startsystem</strong></p>
<p class=""font_8"">​</p>
<p class=""font_8""><strong>Power tilt</strong></p>
<p class=""font_8"">​</p>
<p class=""font_8""><strong>Kontrollsystem</strong></p>
<p class=""font_8"">​</p>
<p class=""font_8""><strong>Total vekt</strong></p>
<p class=""font_8"">​</p>
<p class=""font_8""><strong>Garanti, fritidsbruk</strong></p>
<p class=""font_8""><br></p>","<p class=""font_8"">4-takts, DOCH, 12 ventiler</p>
<p class=""font_8"">​</p>
<p class=""font_8"">3</p>
<p class=""font_8""><br></p>
<p class=""font_8"">72,5 x 76 mm</p>
<p class=""font_8"">​</p>
<p class=""font_8"">36,8 kW</p>
<p class=""font_8"">​</p>
<p class=""font_8"">ATL</p>
<p class=""font_8"">​</p>
<p class=""font_8"">941 cm³</p>
<p class=""font_8"">​</p>
<p class=""font_8"">5300-6300 rpm</p>
<p class=""font_8"">​</p>
<p class=""font_8"">EFI</p>
<p class=""font_8""><br></p>
<p class=""font_8"">2,27: 1</p>
<p class=""font_8"">​</p>
<p class=""font_8"">12V 19A</p>
<p class=""font_8"">​</p>
<p class=""font_8"">✓</p>
<p class=""font_8"">​</p>
<p class=""font_8"">Elektrisk</p>
<p class=""font_8"">​</p>
<p class=""font_8"">✓</p>
<p class=""font_8"">​</p>
<p class=""font_8"">Fjernkontroll</p>
<p class=""font_8"">​</p>
<p class=""font_8"">104 kg</p>
<p class=""font_8"">​</p>
<p class=""font_8"">5 år</p>",,2025-05-13T10:44:49Z,"/batpakkar-/silver-beaver-br","b4636472-103d-4e01-a05f-c8ca4aaa85c2",2022-06-17T15:16:38Z,2025-05-13T11:06:29Z,"7646c457-f879-454c-a0d3-d8589ed68356"
"DRAFT","Silver Hawk BR","Storfavoritten i ny utforming - Silver Hawk BR","https://www.movesogn.no/hawk-br","2","<p class=""font_8"">Lagerkampanje! <strong>kr 399.000,-</strong></p>","Veil kr 439.000. Pris inkludert norgespakke og frakt/levering!","Silvers heilt nye versjon av storfavoritten Hawk BR vart introdusert i 2019. Båt modellen er forbetra, og har mellom anna eit heilt nytt skrog, nytt interiør og heilt nye konsollar. Hawk BR er spesielt eigna for utflukter i skjergarden, som landstadsbåt og til fornøyelses køyring. Inkludert norsk pakke med ekstra fenderlist, komplett putesett baug og akter, havnepresenning. Godt utstyrt båt med masse standardutstyr.","<p class=""font_7""><strong>Produktskildring</strong></p>
<p class=""font_7""><br></p>
<p class=""font_8"">Silver Hawk var den første båt modellen Silver lanserte i år 1991 då fabrikken vart grunnlagt. Sidan den gong har han vore ein av våre best selgende modellar. Av alle Silvers båtar, selt frå 1991 til dags dato, har rundt halvparten vore ulike versjonar av denne. Silver Hawk har naturlegvis vorte oppdatert gjennom åra, spesielt på skrogfronten, fargevala og på konsollane. Men, denne gangen blir altså fornya Silver Hawk totalt, frå skroget og opp. Den nye designen er resultatet av eit samarbeid mellom Silvers produktutviklingsavdeling og det finske designbyrået Navia Design.</p>
<p class=""font_8""><br></p>
<p class=""font_8"">Utforminga til skroget har for det meste vorte inspirert av Silver Y-seriens største og minste modellar Eagle BR og Fox BR/Avant som vart lansert i 2016 og 2018. Linjene til skroget er moderne og sporty, og går stabilt i sjøen, samtidig som dei skjer bølgjene godt. Skroget er bygt med Silvers velkjente AluFibre™-konstruksjon, der skrogets stivhet er eit resultat av den forsterka krysskonstruksjonen i spanten i aluminiumskroget. Skrogsidene blir danna av aluminiumpontonger, og desse er fylte med polyuretanskum som ikkje tar til seg vatn – denne konstruksjon gir båten ekstrem flyteevne og ei køyreoppleving med minimal støy. Glasfiberinteriøret sørger for ein tiltalande utsjånad og mange praktiske eigenskapar. At interiøret er produsert i eitt stykke, gjer båten lett å halde rein, og dempar skrogstøy effektivt. Takka vere denne unike konstruksjonen er den nye Hawk, som resten av Silver Y-serien, så godt som usenkelig. Båten er ytst sjødyktig, lett å køyre, svært smidig og som alle Silver-båtane, er køyreeigenskapane usedvanleg gode.</p>
<p class=""font_8""><br></p>
<p class=""font_8"">Utsjånad messig har Hawk gjennomgått store forandringar. Utanom profilen til skroget, så har designen til vindskjermen endra seg mest. Konstruksjonen til heile vindskjermen har vorte forandra samanlikna med forgjengaren. Vindruteprofilen er lik han på den nye Fox BR, og er heilt utan rammer. Den nye vindskjermen held effektivt vind og vatn ute frå sittebrønnen. Mellom dei to romslige styrekonsollane sit det som standard ein todelt døyr som held vinden borte frå sitteplassane. I konsollane finst det oppbevaringsrom for småsaker. På instrumentpanelet ruvar ein topp moderne 9” RAY marine Axiom+ plottar (Axiom+ frå modellåret 2021-), som er installert som standard.</p>
<p class=""font_8""><br></p>
<p class=""font_8"">Sjølv akterbenkens konstruksjon følgjer same designspråk som Fox-modellane. Heile akterbenken, inklusive arm og ryggtrygd, kan opnast opp til eit stort tredelt oppbevaringsrom for bagasje og utstyr. Under denne oppbevarast også kalosjen (tilbehøyr) når han ikkje blir brukt. Både føraren og alle passasjerar har godt med benplass. På sidene av motorbrønnen finst to oppbevarings boksar for tau og ankar. Ved midtgangen i den fremre sittebrønnen er det ekstra sitteplassar, og under dei finst det òg store oppbevaringsrom. Tauverket i front, blir lett tatt vare på og praktisk i det opne rommet, der lufta sirkulerer og tørkar tauet effektivt. For auka trygging under av- og på stigning, er kraftige rekkverk i baugen tilgjengelege til å støtte seg på.</p>
<p class=""font_8""><br></p>
<p class=""font_8"">Nye Hawk BR, som primært blir selt med ein 90&nbsp;hk påhengsmotor, har ein 115 liters integrerte bensintank.</p>
<p class=""font_8""><br></p>
<p class=""font_8"">Hawk BRs største konkurransefordeler er det sporty utsjåande og moderne skrogform kombinert med den nær usynkelige skrogkonstruksjonen og dei gode køyreeigenskapane. Båten har òg godt med oppbevaringsrom, slik at all bagasje og anna utstyr lett kan pakkast ned. Samanlikna med konkurrerande båtar i same størrelse klasse, er standardutstyret til båten omfattande og inkludert i prisen er mellom anna ein 9” RAY marine Axiom+ plottar med CPT-S- ekkoloddgiver, ein todelt døyr mellom dei to hovudseta, kalesjerom, komfortable stolar og festepunkt til fortøying i rustfritt stål. I tilbehøyrslista finst mellom anna ein Abloy-lås pakke, musikkspelar, sol seng til fronten, targabøyle, trim flaps, vasskitong og ein flott kalesje.</p>
<p class=""font_8""><br></p>
<p class=""font_8"">Nye Hawk BR passar bra til familieutflukter og reine fornøyelses turar til havs, men han er òg den perfekte landstadsbåten og formidabel til å fiske frå.</p>","<p class=""font_7""><strong>Teknisk</strong></p>
<p class=""font_7""><br></p>
<p class=""font_8""><strong>Lengde</strong>: 570cm</p>
<p class=""font_8""><strong>Vekt</strong>: 675kg</p>
<p class=""font_8""><strong>Motor</strong>: 60-115hk</p>
<p class=""font_8""><strong>Godkjenning</strong>: CE/C</p>
<p class=""font_8""><strong>Beregna maks hastigheit 2 pers.</strong>: 40kn</p>
<p class=""font_8""><strong>Lengde, styrekabel</strong>: 500cm</p>
<p class=""font_8""><strong>Sjølvlensande</strong>: ✓</p>
<p class=""font_8""><strong>Skrog</strong>: EN-AW 5754/5083</p>
<p class=""font_8""><strong>Rekkverk</strong>: HST</p>
<p class=""font_8""><strong>Dekk</strong>: GRP</p>
<p class=""font_8""><strong>Drivstofftank</strong>: 115L</p>
<p class=""font_8""><strong>Akterspeil</strong>: 4mm</p>
<p class=""font_8""><strong>Overside</strong>: 2mm</p>
<p class=""font_8""><strong>Bredde</strong>: 213cm</p>
<p class=""font_8""><strong>Antall passasjerer</strong>: 7</p>
<p class=""font_8""><strong>Anbefalt maks motorvekt</strong>: 208kg</p>
<p class=""font_8""><strong>Botnvinkel</strong>: 17,5°</p>
<p class=""font_8""><strong>Tverrhøgde</strong>: 510mm</p>
<p class=""font_8""><strong>Lengde, fjernkontrollkabel</strong>: 396cm</p>
<p class=""font_8""><strong>Usynkbar konstruksjon</strong>: ✓</p>
<p class=""font_8""><strong>Komfortseter</strong>: ✓</p>
<p class=""font_8""><strong>Flotasjon</strong>: Polyurethane</p>
<p class=""font_8""><strong>Vindu</strong>: Glas/Akryl</p>
<p class=""font_8""><strong>Bunn</strong>: 4mm</p>
<p class=""font_8""><strong>Side</strong>: 2mm</p>
<p class=""font_8""><strong>Innenbords</strong>: 1,5mm</p>","<p class=""font_8"">570cm</p>
<p class=""font_8""><br></p>
<p class=""font_8"">675kg</p>
<p class=""font_8""><br></p>
<p class=""font_8"">60-115hk</p>
<p class=""font_8""><br></p>
<p class=""font_8"">CE/C</p>
<p class=""font_8""><br></p>
<p class=""font_8"">40kn</p>
<p class=""font_8""><br></p>
<p class=""font_8"">500cm</p>
<p class=""font_8""><br></p>
<p class=""font_8"">✓</p>
<p class=""font_8""><br></p>
<p class=""font_8"">EN-AW 5754/5083</p>
<p class=""font_8""><br></p>
<p class=""font_8"">HST</p>
<p class=""font_8""><br></p>
<p class=""font_8"">GRP</p>
<p class=""font_8""><br></p>
<p class=""font_8"">115L</p>
<p class=""font_8""><br></p>
<p class=""font_8"">4mm</p>
<p class=""font_8""><br></p>
<p class=""font_8"">2mm</p>
<p class=""font_8""><br></p>
<p class=""font_8"">213cm</p>
<p class=""font_8""><br></p>
<p class=""font_8"">7</p>
<p class=""font_8""><br></p>
<p class=""font_8"">208kg</p>
<p class=""font_8""><br></p>
<p class=""font_8"">17,5°</p>
<p class=""font_8""><br></p>
<p class=""font_8"">510mm</p>
<p class=""font_8""><br></p>
<p class=""font_8"">396cm</p>
<p class=""font_8""><br></p>
<p class=""font_8"">✓</p>
<p class=""font_8""><br></p>
<p class=""font_8"">✓</p>
<p class=""font_8""><br></p>
<p class=""font_8"">Polyurethane</p>
<p class=""font_8""><br></p>
<p class=""font_8"">Glas/Akryl</p>
<p class=""font_8""><br></p>
<p class=""font_8"">4mm</p>
<p class=""font_8""><br></p>
<p class=""font_8"">2mm</p>
<p class=""font_8""><br></p>
<p class=""font_8"">1,5mm</p>","wix:image://v1/7646c4_df070519fc0d4f6ab5be3b6040abc8e3~mv2.png/SILVER%20HAWK%20BR.png#originWidth=1200&originHeight=1200",,"<p class=""font_7""><strong>Standardutstyr</strong></p>
<ul class=""font_8"">
  <li><p class=""font_8"">Akterbenk med romslig oppbevaring</p></li>
  <li><p class=""font_8"">Allsidig oppbevaring</p></li>
  <li><p class=""font_8"">Badeplattformer</p></li>
  <li><p class=""font_8"">Badestige</p></li>
  <li><p class=""font_8"">Bokser for anker og fortøyningslinjer på badeplattformene</p></li>
  <li><p class=""font_8"">Brannslukningsapparat</p></li>
  <li><p class=""font_8"">Buens rekker</p></li>
  <li><p class=""font_8"">Dør mellom konsollene, todelt</p></li>
  <li><p class=""font_8"">Elektrisk lensepumpe</p></li>
  <li><p class=""font_8"">El-uttak</p></li>
  <li><p class=""font_8"">Fast drivstofftank 115 l</p></li>
  <li><p class=""font_8"">Festepunkt til henger eller fortøyning foran og bak</p></li>
  <li><p class=""font_8"">Frontrute i herdet glass, sidevinduer i akryl</p></li>
  <li><p class=""font_8"">Giverstativ + skinne for giverstativ (justerin ekkoloddgiver)</p></li>
  <li><p class=""font_8"">Hydraulisk styring</p></li>
  <li><p class=""font_8"">Konstruksjonen følger CE-normer og har selvlensing på åpne flater</p></li>
  <li><p class=""font_8"">Koppholdere</p></li>
  <li><p class=""font_8"">Lighthouse-sjøkart (oppladbar, et valgfrit land)</p></li>
  <li><p class=""font_8"">Navigasjonslys</p></li>
  <li><p class=""font_8"">NMEA-nettverk</p></li>
  <li><p class=""font_8"">Offshore-komfortseter 2 stk</p></li>
  <li><p class=""font_8"">Oppbevaringsplass for kalesje</p></li>
  <li><p class=""font_8"">Raymarine Axiom+ 9"" -plotterpakke + CPT-S-giver</p></li>
  <li><p class=""font_8"">Tauboks i buen</p></li>
  <li><p class=""font_8"">U-bolt låsebøyle på framdekk (Klasse 3 godkjent)</p></li>
</ul>","Suzuki DF90 ATL","<p class=""font_8"">A = Modellnemning</p>
<p class=""font_8"">T = Powertrim/tilt og el.start med kontrollboks</p>
<p class=""font_8"">L = Lang stamme (20"")</p>
<p class=""font_8""><br></p>
<p class=""font_8""><strong>Påhengsmotor med mange Suzuki finessar</strong></p>","<p class=""font_7""><strong>Produktskildring</strong></p>
<p class=""font_7""><br></p>
<p class=""font_8"">Suzukis New Generation 4-takter! Med Kompakt design, Lean Burn Control&nbsp; System, smidig gir skift, Suzuki Easy Start, og dessutan ny type trim og tilt.</p>
<p class=""font_8""><br></p>
<p class=""font_8"">Alle Suzukis påhengsmotorar frå DF40ATL til DF350ATX har selvjusterende&nbsp; kamakselskjede som går i oljebad, noko Suzuki er åleine om blant&nbsp; leverandørane av utanbordsmotorar. Kjeda er utstyrt med ein hydraulisk&nbsp; strammemekanisme som er vedlikehaldsfri. Suzuki påhengsmotorane har ein moderne design.</p>
<p class=""font_8""><br></p>
<p class=""font_8""><strong>Selvjusterende registerkjede</strong></p>
<p class=""font_8"">Alle modellar over DF40A har eit vedlikehaldsfri registerkjede. Eit enkelt og effektiv design med oljesmurt registerkjede som aldri treng å smørjast, og utstyrt med ein automatisk, hydraulisk kjedetrammar som sørger for at kjeda har optimal stramming til kvar tid.</p>
<p class=""font_8""><br></p>
<p class=""font_8""><strong>Tiltbegrensning</strong></p>
<p class=""font_8"">Motoren har eit tiltbegrensningssystem som vernar båten og utanbordsmotoren mot skadar ved tilting av motoren. Designen har både funksjonane til&nbsp; tiltbegrensing og til trim sender, og bruker ein trinnfri, kontinuerleg type tiltbegrenser som gjer muleg installasjon av påhengsmotoren på nesten kva type som helst båt.</p>
<p class=""font_8""><br></p>
<p class=""font_8""><strong>Lean Burn</strong></p>
<p class=""font_8"">Med Suzukis avanserte ""Lean Burn"" kontrollsystem får du det lågaste bensinforbruket&nbsp; i marknaden!</p>","<p class=""font_8""><strong>Motortype</strong></p>
<p class=""font_8""><br></p>
<p class=""font_8""><strong>Sylinderar</strong></p>
<p class=""font_8""><br></p>
<p class=""font_8""><strong>Boring og slaglengde</strong></p>
<p class=""font_8""><br></p>
<p class=""font_8""><strong>Nominell effekt</strong></p>
<p class=""font_8""><br></p>
<p class=""font_8""><strong>Modell</strong></p>
<p class=""font_8""><br></p>
<p class=""font_8""><strong>Slagvolum</strong></p>
<p class=""font_8""><br></p>
<p class=""font_8""><strong>Anbefalt turtall</strong></p>
<p class=""font_8""><br></p>
<p class=""font_8""><strong>Standard propell</strong></p>
<p class=""font_8""><br></p>","<p class=""font_8"">4-takt DOHC 16 ventiler</p>
<p class=""font_8""><br></p>
<p class=""font_8"">In-line 4</p>
<p class=""font_8""><br></p>
<p class=""font_8"">75 x 85 mm</p>
<p class=""font_8""><br></p>
<p class=""font_8"">90 (68,4 kW)</p>
<p class=""font_8""><br></p>
<p class=""font_8"">ATL</p>
<p class=""font_8""><br></p>
<p class=""font_8"">1502 cm³</p>
<p class=""font_8""><br></p>
<p class=""font_8"">5300 - 6300 O/Min</p>
<p class=""font_8""><br></p>
<p class=""font_8"">19""</p>",,2025-08-21T16:34:47Z,"/batpakkar-/silver-hawk-br","f0b4c936-7b9c-48ec-b525-d4432d446891",2022-06-17T16:02:35Z,2025-08-21T16:34:48Z,"7646c457-f879-454c-a0d3-d8589ed68356"
